display_name,stub,dropdown_parent
Home,/
Browse,/browse.html
Presses,,
Subjects,/subjects.html
Locations,/locations.html
Map,/map.html
Timeline,/timeline.html
Data,/data.html
About,/about.html
Introduction,/introduction.html,Presses
Aileron Press,/aileron-press.html,Presses
Awst Press,/awst-press.html,Presses
Five Talents Agency/ Red River Women's Press,/five-talents-agency-red-river-womens-press.html,Presses
Raw Paw,/raw-paw.html,Presses
Self-Published,/self-published.html,Presses
Slough Press,/slough-press.html,Presses
Smoking Glue Gun,/smoking-glue-gun.html,Presses
Weekly Weird Monthly,/weekly-weird-monthly.html,Presses
Acknowledgements & Bibliography,/acknowledgements-and-bibliography.html,Presses
